{"camera_matrix": [[2579.2122044049847, 0.0, 1653.5794267504502], [0.0, 2582.3139808672818, 1236.77472929718], [0.0, 0.0, 1.0]], "dist_coeff": [[0.1504616278111504, 0.0200258287398986, -0.0007174353743406051, 0.003550203968551782, -1.2778679569937454]]}